FileName,Label
Beach_1.jpg,Beach
Beach_2.jpg,Beach
Beach_3.jpg,Beach
Beach_4.jpg,Beach
Beach_5.jpg,Beach
Beach_6.jpg,Beach
Beach_7.jpg,Beach
Beach_8.jpg,Beach
Beach_9.jpg,Beach
Beach_10.jpg,Beach
Beach_11.jpg,Beach
Beach_12.jpg,Beach
Beach_13.jpg,Beach
Beach_14.jpg,Beach
Beach_15.jpg,Beach
Beach_16.jpg,Beach
Beach_17.jpg,Beach
Beach_18.jpg,Beach
Beach_19.jpg,Beach
Beach_20.jpg,Beach
Beach_21.jpg,Beach
Beach_22.jpg,Beach
Beach_23.jpg,Beach
Beach_24.jpg,Beach
Beach_25.jpg,Beach
Beach_26.jpg,Beach
Beach_27.jpg,Beach
Beach_28.jpg,Beach
Beach_29.jpg,Beach
Beach_30.jpg,Beach
Beach_31.jpg,Beach
Beach_32.jpg,Beach
Beach_33.jpg,Beach
Beach_34.jpg,Beach
Beach_35.jpg,Beach
Beach_36.jpg,Beach
Beach_37.jpg,Beach
Beach_38.jpg,Beach
Beach_39.jpg,Beach
Beach_40.jpg,Beach
Pond_1.jpg,Pond
Pond_2.jpg,Pond
Pond_3.jpg,Pond
Pond_4.jpg,Pond
Pond_5.jpg,Pond
Pond_6.jpg,Pond
Pond_7.jpg,Pond
Pond_8.jpg,Pond
Pond_9.jpg,Pond
Pond_10.jpg,Pond
Pond_11.jpg,Pond
Pond_12.jpg,Pond
Pond_13.jpg,Pond
Pond_14.jpg,Pond
Pond_15.jpg,Pond
Pond_16.jpg,Pond
Pond_17.jpg,Pond
Pond_18.jpg,Pond
Pond_19.jpg,Pond
Pond_20.jpg,Pond
Pond_21.jpg,Pond
Pond_22.jpg,Pond
Pond_23.jpg,Pond
Pond_24.jpg,Pond
Pond_25.jpg,Pond
Pond_26.jpg,Pond
Pond_27.jpg,Pond
Pond_28.jpg,Pond
Pond_29.jpg,Pond
Pond_30.jpg,Pond
Pond_31.jpg,Pond
Pond_32.jpg,Pond
Pond_33.jpg,Pond
Pond_34.jpg,Pond
Pond_35.jpg,Pond
Pond_36.jpg,Pond
Pond_37.jpg,Pond
Pond_38.jpg,Pond
Pond_39.jpg,Pond
Pond_40.jpg,Pond
River_1.jpg,River
River_2.jpg,River
River_3.jpg,River
River_4.jpg,River
River_5.jpg,River
River_6.jpg,River
River_7.jpg,River
River_8.jpg,River
River_9.jpg,River
River_10.jpg,River
River_11.jpg,River
River_12.jpg,River
River_13.jpg,River
River_14.jpg,River
River_15.jpg,River
River_16.jpg,River
River_17.jpg,River
River_18.jpg,River
River_19.jpg,River
River_20.jpg,River
River_21.jpg,River
River_22.jpg,River
River_23.jpg,River
River_24.jpg,River
River_25.jpg,River
River_26.jpg,River
River_27.jpg,River
River_28.jpg,River
River_29.jpg,River
River_30.jpg,River
River_31.jpg,River
River_32.jpg,River
River_33.jpg,River
River_34.jpg,River
River_35.jpg,River
River_36.jpg,River
River_37.jpg,River
River_38.jpg,River
River_39.jpg,River
River_40.jpg,River
Port_1.jpg,Port
Port_2.jpg,Port
Port_3.jpg,Port
Port_4.jpg,Port
Port_5.jpg,Port
Port_6.jpg,Port
Port_7.jpg,Port
Port_8.jpg,Port
Port_9.jpg,Port
Port_10.jpg,Port
Port_11.jpg,Port
Port_12.jpg,Port
Port_13.jpg,Port
Port_14.jpg,Port
Port_15.jpg,Port
Port_16.jpg,Port
Port_17.jpg,Port
Port_18.jpg,Port
Port_19.jpg,Port
Port_20.jpg,Port
Port_21.jpg,Port
Port_22.jpg,Port
Port_23.jpg,Port
Port_24.jpg,Port
Port_25.jpg,Port
Port_26.jpg,Port
Port_27.jpg,Port
Port_28.jpg,Port
Port_29.jpg,Port
Port_30.jpg,Port
Port_31.jpg,Port
Port_32.jpg,Port
Port_33.jpg,Port
Port_34.jpg,Port
Port_35.jpg,Port
Port_36.jpg,Port
Port_37.jpg,Port
Port_38.jpg,Port
Port_39.jpg,Port
Port_40.jpg,Port
Bridge_1.jpg,Bridge
Bridge_2.jpg,Bridge
Bridge_3.jpg,Bridge
Bridge_4.jpg,Bridge
Bridge_5.jpg,Bridge
Bridge_6.jpg,Bridge
Bridge_7.jpg,Bridge
Bridge_8.jpg,Bridge
Bridge_9.jpg,Bridge
Bridge_10.jpg,Bridge
Bridge_11.jpg,Bridge
Bridge_12.jpg,Bridge
Bridge_13.jpg,Bridge
Bridge_14.jpg,Bridge
Bridge_15.jpg,Bridge
Bridge_16.jpg,Bridge
Bridge_17.jpg,Bridge
Bridge_18.jpg,Bridge
Bridge_19.jpg,Bridge
Bridge_20.jpg,Bridge
Bridge_21.jpg,Bridge
Bridge_22.jpg,Bridge
Bridge_23.jpg,Bridge
Bridge_24.jpg,Bridge
Bridge_25.jpg,Bridge
Bridge_26.jpg,Bridge
Bridge_27.jpg,Bridge
Bridge_28.jpg,Bridge
Bridge_29.jpg,Bridge
Bridge_30.jpg,Bridge
Bridge_31.jpg,Bridge
Bridge_32.jpg,Bridge
Bridge_33.jpg,Bridge
Bridge_34.jpg,Bridge
Bridge_35.jpg,Bridge
Bridge_36.jpg,Bridge
Bridge_37.jpg,Bridge
Bridge_38.jpg,Bridge
Bridge_39.jpg,Bridge
Bridge_40.jpg,Bridge
